;Peso (kg);Altura (cm);IMC
0;72;180;22.22222222222222
1;80;170;27.68166089965398
2;60;175;19.591836734693878
3;90;174;29.72651605231867
4;100;185;29.218407596785973
